,Index,X/De,M2,P2/Pt,T2/Tt
0,0,0.5699999999999996,0.7166709578415519,0.6339013353771109,0.9133628370789078
